id,created_at,desktop_url,mobile_url,alt,is_horizontal
1,2024-05-21 12:01:15,https://ik.imagekit.io/ivansmiths/renders/desktop/Fraternity8.jpg?updatedAt=1716291138883,https://ik.imagekit.io/ivansmiths/renders/desktop/Fraternity8.jpg?updatedAt=1716291138883,a render of a sword,0
2,2024-05-21 12:01:46,https://ik.imagekit.io/ivansmiths/renders/desktop/Fraternity12.jpg?updatedAt=1716291138703,https://ik.imagekit.io/ivansmiths/renders/desktop/Fraternity12.jpg?updatedAt=1716291138703,a render of a sword,0
3,2024-05-21 12:49:35,https://ik.imagekit.io/ivansmiths/renders/desktop/Fraternity11.jpg?updatedAt=1716291138667,https://ik.imagekit.io/ivansmiths/renders/desktop/Fraternity11.jpg?updatedAt=1716291138667,a render of a sword,0
4,2024-05-21 12:50:39,https://ik.imagekit.io/ivansmiths/renders/desktop/Fraternity7.jpg?updatedAt=1716291138538,https://ik.imagekit.io/ivansmiths/renders/desktop/Fraternity7.jpg?updatedAt=1716291138538,a detailed render of a sword,0
5,2024-05-21 12:51:52,https://ik.imagekit.io/ivansmiths/renders/desktop/Skeleton11.jpg?updatedAt=1716291136566,https://ik.imagekit.io/ivansmiths/renders/desktop/Skeleton11.jpg?updatedAt=1716291136566,a render of a Mexican looking skeleton,0
6,2024-05-21 12:52:08,https://ik.imagekit.io/ivansmiths/renders/desktop/Skeleton11_4.jpg?updatedAt=1716291136964,https://ik.imagekit.io/ivansmiths/renders/desktop/Skeleton11_4.jpg?updatedAt=1716291136964,a render of a Mexican looking skeleton,0
7,2024-05-21 12:52:47,https://ik.imagekit.io/ivansmiths/renders/desktop/Skeleton11_3.jpg?updatedAt=1716291136727,https://ik.imagekit.io/ivansmiths/renders/desktop/Skeleton11_3.jpg?updatedAt=1716291136727,a render of a Mexican looking skeleton,0
8,2024-05-21 12:53:22,https://ik.imagekit.io/ivansmiths/renders/desktop/Skeleton11_clay.jpg?updatedAt=1716291136960,https://ik.imagekit.io/ivansmiths/renders/desktop/Skeleton11_clay.jpg?updatedAt=1716291136960,a render of a Mexican looking skeleton,0
9,2024-05-21 12:53:45,https://ik.imagekit.io/ivansmiths/renders/desktop/Skeleton11_lowpoly_wire.png?updatedAt=1716291136774,https://ik.imagekit.io/ivansmiths/renders/desktop/Skeleton11_lowpoly_wire.png?updatedAt=1716291136774,a render of a Mexican looking skeleton,0
10,2024-05-21 12:54:19,https://ik.imagekit.io/ivansmiths/renders/desktop/Goose5.jpg?updatedAt=1716291135284,https://ik.imagekit.io/ivansmiths/renders/desktop/Goose5.jpg?updatedAt=1716291135284,a render of an elegant looking goose,0
11,2024-05-21 12:54:35,https://ik.imagekit.io/ivansmiths/renders/desktop/Goose8.jpg?updatedAt=1716291135284,https://ik.imagekit.io/ivansmiths/renders/desktop/Goose8.jpg?updatedAt=1716291135284,a render of an elegant looking goose,0
12,2024-05-21 12:55:52,https://ik.imagekit.io/ivansmiths/renders/desktop/DwarfGekko.jpg?updatedAt=1716291138668,https://ik.imagekit.io/ivansmiths/renders/desktop/DwarfGekko.jpg?updatedAt=1716291138668,a render of a Dwarf Gekko (Metal Gear 4 prop),0
13,2024-05-21 12:56:32,https://ik.imagekit.io/ivansmiths/renders/desktop/dice3.jpg?updatedAt=1716291138477,https://ik.imagekit.io/ivansmiths/renders/desktop/dice3.jpg?updatedAt=1716291138477,a render of King Dice (Cuphead villain),1
14,2024-05-21 12:57:18,https://ik.imagekit.io/ivansmiths/renders/desktop/coke5.jpg?updatedAt=1716291137186,https://ik.imagekit.io/ivansmiths/renders/desktop/coke5.jpg?updatedAt=1716291137186,a render of a coke,0
15,2024-05-21 12:57:47,https://ik.imagekit.io/ivansmiths/renders/desktop/coke6.jpg?updatedAt=1716291137127,https://ik.imagekit.io/ivansmiths/renders/desktop/coke6.jpg?updatedAt=1716291137127,a render of a coke,0
16,2024-05-21 12:58:03,https://ik.imagekit.io/ivansmiths/renders/desktop/coke2.png?updatedAt=1716291136838,https://ik.imagekit.io/ivansmiths/renders/desktop/coke2.png?updatedAt=1716291136838,another render of a coke,0
17,2024-05-21 12:59:16,https://ik.imagekit.io/ivansmiths/renders/desktop/Abe6.jpg?updatedAt=1716291137104,https://ik.imagekit.io/ivansmiths/renders/desktop/Abe6.jpg?updatedAt=1716291137104,a render of Abe (Abe`s Odyssey protagonist),0
18,2024-05-21 12:59:57,https://ik.imagekit.io/ivansmiths/renders/desktop/Abe5.jpg?updatedAt=1716291136966,https://ik.imagekit.io/ivansmiths/renders/desktop/Abe5.jpg?updatedAt=1716291136966,a render of Abe (Abe`s Odyssey protagonist),0
19,2024-05-21 13:00:43,https://ik.imagekit.io/ivansmiths/renders/desktop/MGMK23.jpg?updatedAt=1716291135297,https://ik.imagekit.io/ivansmiths/renders/desktop/MGMK23.jpg?updatedAt=1716291135297,a render of a MKII (Metal Gear Solid 4 prop),0
20,2024-05-21 13:00:59,https://ik.imagekit.io/ivansmiths/renders/desktop/MGMK24.jpg?updatedAt=1716291135270,https://ik.imagekit.io/ivansmiths/renders/desktop/MGMK24.jpg?updatedAt=1716291135270,a render of a MKII (Metal Gear Solid 4 prop),0
21,2024-05-21 13:01:27,https://ik.imagekit.io/ivansmiths/renders/desktop/RatMan4.jpg?updatedAt=1716291135234,https://ik.imagekit.io/ivansmiths/renders/desktop/RatMan4.jpg?updatedAt=1716291135234,a render of RatMan,0
22,2024-05-21 13:01:44,https://ik.imagekit.io/ivansmiths/renders/desktop/RatMan7.jpg?updatedAt=1716291135045,https://ik.imagekit.io/ivansmiths/renders/desktop/RatMan7.jpg?updatedAt=1716291135045,a render of RatMan,1
23,2024-05-21 13:02:10,https://ik.imagekit.io/ivansmiths/renders/desktop/Mexicanskull2.jpg?updatedAt=1716291135232,https://ik.imagekit.io/ivansmiths/renders/desktop/Mexicanskull2.jpg?updatedAt=1716291135232,a render of a Mexican skull,0
24,2024-05-21 13:02:30,https://ik.imagekit.io/ivansmiths/renders/desktop/Mexicanskull3.jpg?updatedAt=1716291135190,https://ik.imagekit.io/ivansmiths/renders/desktop/Mexicanskull3.jpg?updatedAt=1716291135190,a render of a Mexican skull,0
25,2024-05-21 13:02:50,https://ik.imagekit.io/ivansmiths/renders/desktop/Mexicanskull4.jpg?updatedAt=1716291135278,https://ik.imagekit.io/ivansmiths/renders/desktop/Mexicanskull4.jpg?updatedAt=1716291135278,a render of a skull,0